Sample ID,Date,Season,Year,Collector,PlantCondition,PlantPortion,WhoCleaned/Dried,Strata,Habitat,SiteCode,Site,Pair,SiteType,PairID,Taxa,SampleType,Species,SppAb,Iso_Triplicate?,TrayName,%N,ugN ,D15N ,%C,mgC,D13C ,%S,ugS,D34S ,CSIB_Notes,UCB_Notes,Inventory_Notes
NP20.020,5/1/20,Summer,2020,USGS,Pretty contaminated and but one uncontaminated,Stem,USGS,EXT5,Exterior,BR,Browns,P1,Ref,P1_Ref,Emergent,Emergent,Schoenoplectus acutus,Tule,0,,1.260828013,39.4639168,8.54671608,45.68945687,1.43008,-27.2136322,0.12740639,3.98782,2.26287098,0,0,0
NP20.066,5/1/20,Summer,2020,USGS,green,stems,USGS,EXT5,Exterior,SH,Sherman,P1,Res,P1_Res,Emergent,Emergent,Schoenoplectus acutus,Tule,0,,0.74074925,23.1113766,10.91257855,46.84923077,1.461696,-27.38803327,0.125223036,1.897128994,9.217819527,S rerun sample,0,0
NP21.172,5/1/21,Summer,2021,USGS,Green,Only Large Stem Pieces,USGS,EXT2,Exterior,SH,Sherman,P1,Res,P1_Res,Emergent,Emergent,Schoenoplectus acutus,Tule,Y,,0.355441487,11.06339307,9.271569648,43.42408282,1.351618233,-28.67629589,0.174697294,2.644789968,11.2167083,S rerun samples,0,0
NP21.228,5/1/21,Summer,2021,USGS,Good,stem,USGS,EXT4,Exterior,BR,Browns,P1,Ref,P1_Ref,Emergent,Emergent,Schoenoplectus californicus,Tule,0,,1.70914566,53.752631,2.281459801,45.98727186,1.4462997,-26.57663331,0.281428378,8.8509225,-0.918748838,0,0,0
NP21.142,5/1/21,Summer,2021,USGS,green yellow,stem,USGS,EXT1,Exterior,SH,Sherman,P1,Res,P1_Res,Emergent,Emergent,Schoenoplectus californicus,Tule,0,,1.358585381,41.7085712,9.927794755,45.2932215,1.3905019,-26.44639298,0.303524638,4.583222028,14.5016824,S rerun sample,0,0
NP20.271,5/13/20,Summer,2020,ICF,Green,Leaves,UCB,EXT3,Exterior,BR,Browns,P1,Ref,P1_Ref,Emergent,Emergent,Typha,Typha,0,,2.640949663,82.265582,7.898090497,46.10003852,1.4360162,-28.71297857,0.178049278,5.546235,11.28056004,0,0,IDed after frozen by UCB
NP20.274,5/13/20,Summer,2020,ICF,Green,Leaves,UCB,EXT1,Exterior,BR,Browns,P1,Ref,P1_Ref,Emergent,Emergent,Typha,Typha,0,,4.080860985,125.0783892,8.203235172,49.2877553,1.5106697,-27.48629639,0.24082708,7.38135,10.3092476,0,"Originally written as NP20.214, but NP20.214 is a POFO from Ryer. Believe it is actually NP20.274 which is a Typha from BREXT1, so changed to NP20.274 ",IDed after frozen by UCB
NP21.089,6/25/21,Summer,2021,USGS/UCB,0,0,UCB,EXT3,Exterior,BR,Browns,P1,Ref,P1_Ref,Emergent,Emergent,Typha,Typha,0,,1.951974375,60.9016005,6.245447272,49.32307692,1.53888,-28.24715673,0.159871795,4.988,8.829655884,0,0,0
NP20.232,5/19/20,Summer,2020,ICF,Green,Leaves,UCB,EXT4,Exterior,SH,Sherman,P1,Res,P1_Res,Emergent,Emergent,Typha,Typha,0,,3.745775517,113.1224206,9.362028637,49.36582781,1.490848,-28.08563755,0.203452649,6.14427,5.99391923,0,0,"IDed after frozen by UCB, confirmed typha by mdp because both phrag and typha present"
NP21.112,7/6/21,Summer,2021,USGS/UCB,0,0,UCB,EXT2,Exterior,SH,Sherman,P1,Res,P1_Res,Emergent,Emergent,Typha,Typha,0,,1.848222755,57.017672,7.384732702,51.14813614,1.57792,-28.94476101,0.12759222,3.93622,5.160633547,0,0,0
NP21.114,7/6/21,Summer,2021,USGS/UCB,0,0,UCB,EXT3,Exterior,SH,Sherman,P1,Res,P1_Res,Emergent,Emergent,Typha,Typha,0,,2.026127049,62.6073258,8.234235254,48.31119741,1.492816,-28.32742086,0.19860712,6.13696,11.87337933,0,0,0
NP20.114,5/1/20,Summer,2020,USGS,green,stems,USGS,INT4,Interior,SH,Sherman,P1,Res,P1_Res,Emergent,Emergent,Schoenoplectus sp.,Tule,Y,,0.60237566,18.58413073,10.02162804,47.65810979,1.470266667,-28.18571999,0.080493289,1.259389555,13.68147054,S rerun samples,0,"bag says ""SCCA"" with USGS(CYA) note ""looks like SCAC"""
NP20.057,5/1/20,Summer,2020,USGS,Green. Some contaminated pieces but most are fine,Stem,USGS,INT5,Interior,BR,Browns,P1,Ref,P1_Ref,Emergent,Emergent,Schoenoplectus acutus,Tule,0,,0.980362682,31.1755333,8.172743189,47.18691824,1.500544,-27.06004035,0.078894766,1.191310967,15.65256563,S rerun sample,0,0
NP21.153,5/1/21,Summer,2021,USGS,Good,Stem,USGS,INT2,Interior,BR,Browns,P1,Ref,P1_Ref,Emergent,Emergent,Schoenoplectus acutus,Tule,0,,1.410601891,43.8697188,6.258183953,46.58356592,1.4487489,-26.90778702,0.140607517,2.165355763,6.806257983,S rerun sample,0,0
NP21.218,5/1/21,Summer,2021,USGS,Good,stem,USGS,INT6,Interior,BR,Browns,P1,Ref,P1_Ref,Emergent,Emergent,Schoenoplectus acutus,Tule,0,,0.589917042,18.4644034,6.523955122,44.36529073,1.3886336,-25.68918176,0.159084906,2.457861797,8.665294399,S rerun sample,0,0
NP20.383,5/1/20,Summer,2020,USGS,Green/Yellow,VERY LARGE stems,USGS,INT6,Interior,SH,Sherman,P1,Res,P1_Res,Emergent,Emergent,Schoenoplectus acutus,Tule,0,,1.039670126,33.1134935,6.59188575,48.17532182,1.534384,-27.76160829,0.125814569,1.937544365,3.983699539,S rerun sample,0,0
NP21.240,5/1/21,Summer,2021,USGS,Green but burnt,Stem,USGS,INT5,Interior,SH,Sherman,P1,Res,P1_Res,Emergent,Emergent,Schoenoplectus acutus,Tule,0,,1.048079754,32.3856644,8.669811224,46.38867314,1.43341,-28.5261998,0.149265551,2.253909823,15.16686487,S rerun sample,0,0
NP20.462,5/1/20,Summer,2020,USGS,Greenish/Yellowish,Stems,USGS,INT6,Interior,BR,Browns,P1,Ref,P1_Ref,Emergent,Emergent,Schoenoplectus americanus,Tule,0,,0.814002916,24.7049885,6.32212808,47.37107084,1.437712,-26.00768844,0.073726965,1.10590447,14.87960642,S rerun sample,0,0
NP20.236,5/13/20,Summer,2020,ICF,Green ,Leaves,UCB,INT6,Interior,BR,Browns,P1,Ref,P1_Ref,Emergent,Emergent,Typha,Typha,0,,2.952962561,93.1659688,5.861495876,49.12233914,1.5498098,-28.19302687,0.211533518,6.6738825,8.881335788,0,0,"IDed after frozen by UCB, confirmed typha by mdp"
NP21.087,6/25/21,Summer,2021,USGS/UCB,0,0,UCB,INT4,Interior,BR,Browns,P1,Ref,P1_Ref,Emergent,Emergent,Typha,Typha,0,,2.043454918,64.7775209,5.487172146,50.02548896,1.585808,-28.676223,0.26107918,8.27621,14.1795518,0,0,0
NP21.091,6/25/21,Summer,2021,USGS/UCB,0,0,UCB,INT2,Interior,BR,Browns,P1,Ref,P1_Ref,Emergent,Emergent,Typha,Typha,0,,1.876624849,58.3630328,7.825237577,48.95485531,1.522496,-28.71685052,0.180793569,5.62268,10.08710714,0,0,0
NP20.240,5/19/20,Summer,2020,ICF,Green,Leaves,UCB,INT5,Interior,SH,Sherman,P1,Res,P1_Res,Emergent,Emergent,Typha,Typha,0,,2.531284081,78.3432423,8.027904891,48.26054927,1.493664,-28.07473749,0.141240065,4.37138,5.813635783,0,0,IDed after frozen by UCB
NP20.279,5/19/20,Summer,2020,ICF,Green,Leaves,UCB,INT1,Interior,SH,Sherman,P1,Res,P1_Res,Emergent,Emergent,Typha,Typha,0,,3.633251936,113.539123,5.699080161,50.2691392,1.5709106,-29.34196869,0.43447176,13.5772425,9.393606548,0,0,IDed after frozen by UCB
NP20.282,5/19/20,Summer,2020,ICF,Green,Leaves,UCB,INT2,Interior,SH,Sherman,P1,Res,P1_Res,Emergent,Emergent,Typha,Typha,0,,2.43719406,76.6497532,5.639035564,48.48279809,1.524784,-30.45254515,0.227886486,7.16703,9.015489934,0,0,IDed after frozen by UCB
NP21.180,5/1/21,Summer,2021,USGS,Green,Leaves,USGS,INT3,Interior,SH,Sherman,P1,Res,P1_Res,Emergent,Emergent,Typha,Typha,0,,1.295560428,41.4579337,9.215358462,36.736,1.175552,-26.72610194,0.160385133,2.42983476,15.35643819,S rerun sample,0,0
NP21.004,6/2/21,Summer,2021,USGS/UCB,0,0,UCB,EXT3,Exterior,BR,Browns,P1,Ref,P1_Ref,FAV,FAV,Alternanthera philoxeroides,Alternanthera,,NSAVFAV_T01,4.338039735,131.0088,10.36156473,38.85564238,1.1734404,-27.95943982,0.32157106,9.711446,19.92252793,,0,0
NP21.006,6/2/21,Summer,2021,USGS/UCB,0,0,UCB,EXT2,Exterior,BR,Browns,P1,Ref,P1_Ref,FAV,FAV,Alternanthera philoxeroides,Alternanthera,Y,NSAVFAV_T01,4.711622665,146.8278667,10.73908144,40.41689877,1.2598212,-27.79092183,0.29837805,9.29648,20.51774819,,#N/A,0
NP21.109,7/6/21,Summer,2021,USGS/UCB,0,0,UCB,EXT2,Exterior,SH,Sherman,P1,Res,P1_Res,FAV,FAV,Alternanthera philoxeroides,Alternanthera,,NSAVFAV_T01,3.423478827,105.1008,11.66542758,41.13498371,1.262844,-28.61437361,0.252054658,7.738078,19.6249178,,0,0
NP21.110,7/6/21,Summer,2021,USGS/UCB,0,0,UCB,EXTDO-S,Exterior,SH,Sherman,P1,Res,P1_Res,FAV,FAV,Alternanthera philoxeroides,Alternanthera,,NSAVFAV_T01,2.736211921,82.6336,10.82985587,40.83957616,1.2333552,-30.91370504,0.226761589,6.8482,19.36832108,,0,0
NP21.007,6/2/21,Summer,2021,USGS/UCB,0,0,UCB,INT4,Interior,BR,Browns,P1,Ref,P1_Ref,FAV,FAV,Alternanthera philoxeroides,Alternanthera,,NSAVFAV_T01,5.294379421,164.6552,7.728704305,41.8872926,1.3026948,-28.57675628,0.532976013,16.575554,21.04566439,,0,0
NP20.283,5/13/20,Summer,2020,ICF,very degraded,Stems,UCB,INT4,Interior,BR,Browns,P1,Ref,P1_Ref,FAV,FAV,Alternanthera philoxeroides,Alternanthera,,NSAVFAV_T01,1.783881579,54.23,7.453269531,37.30953947,1.13421,-29.97615778,0.240432368,7.309144,18.41239313,,All sample used,"FAV with Hollow stem, but no leaves or anything else to identify it because so degraded; did look similar to the hollow stems of confirmed ID ALPH NP20.286; IDed after frozen by UCB"
NP21.034,6/17/21,Summer,2021,USGS/UCB,0,0,UCB,INTX,Interior,SH,Sherman,P1,Res,P1_Res,FAV,FAV,Alternanthera philoxeroides,Alternanthera,,NSAVFAV_T01,4.148883117,127.7856,10.11926456,42.42514286,1.3066944,-29.1385878,0.326827013,10.066272,19.79212632,,0,0
NB20.012,5/28/20,Summer,2020,ICF,,,UCB,EXT3,Exterior,BR,Browns,P1,Ref,P1_Ref,Phyto,Phyto,Phytoplankton,Phyto,0,Nphyto_T01,1.151383856,47.0915997,8.17152416,8.511347188,0.3481141,-29.00052976,0.275672078,11.274988,2.99900805,,,0
NB21.001,5/28/21,Summer,2021,ICF,,,UCB,EXT5,Exterior,BR,Browns,P1,Ref,P1_Ref,Phyto,Phyto,Phytoplankton,Phyto,0,NB21_T01,0.701337085,32.1212385,6.880694045,6.302237991,0.2886425,-26.51561768,0.36920795,16.9097241,10.83916422,,,0
NB20.002,5/14/20,Summer,2020,ICF,,,UCB,EXT4,Exterior,SH,Sherman,P1,Res,P1_Res,Phyto,Phyto,Phytoplankton,Phyto,0,Nphyto_T01,0.771793556,34.614941,7.719450077,7.850818283,0.3521092,-28.11523354,0.319262486,14.3189225,2.878997226,,,0
NB21.019,5/28/21,Summer,2021,ICF,,,UCB,EXT4,Exterior,SH,Sherman,P1,Res,P1_Res,Phyto,Phyto,Phytoplankton,Phyto,0,Nphyto_T01,0.54698729,22.508527,6.303334899,6.47054192,0.2662628,-27.18754632,0.271370547,11.166898,3.042362358,,,0
NB20.025,1/27/20,Winter,2020,UCB,,,UCB,EXT,Exterior,BR,Browns,P1,Ref,P1_Ref,Phyto,Phyto,Phytoplankton,Phyto,Yes,Nphyto_T01,0.776666667,32,6.316666667,8.853333333,0.366666667,-27.72333333,0.323333333,13.66666667,1.726666667,,,"says phyto test on the sample bag, likely only phtoplankton with spom removed"
NB20.008,5/28/20,Summer,2020,ICF,,,UCB,INT5,Interior,BR,Browns,P1,Ref,P1_Ref,Phyto,Phyto,Phytoplankton,Phyto,0,Nphyto_T01,1.719385726,74.0195555,6.06724798,19.28117073,0.8300544,-28.63204214,1.088934564,46.878633,7.669109644,,,0
NB21.006,5/28/21,Summer,2021,ICF,,,UCB,INT6,Interior,BR,Browns,P1,Ref,P1_Ref,Phyto,Phyto,Phytoplankton,Phyto,0,NB21_T01,0.808960871,34.5426292,4.982284796,7.705538642,0.3290265,-28.34249543,0.678387541,28.967148,5.071010397,,,0
NB21.024,2/16/21,Winter,2021,ICF,,,UCB,INT6,Interior,BR,Browns,P1,Ref,P1_Ref,Phyto,Phyto,Phytoplankton,Phyto,Yes,Nphyto_T01,0.743333333,32.33333333,4.82,9.16,0.393333333,-28.12,0.68,29.33333333,4.043333333,,,0
NB20.001,5/14/20,Summer,2020,ICF,,,UCB,INT5,Interior,SH,Sherman,P1,Res,P1_Res,Phyto,Phyto,Phytoplankton,Phyto,0,Nphyto_T01,1.103511454,45.2991452,8.911866348,9.918460414,0.4071528,-27.87875554,0.423729184,17.394083,5.082377313,,,0
NB21.017,5/28/21,Summer,2021,ICF,,,UCB,INT4,Interior,SH,Sherman,P1,Res,P1_Res,Phyto,Phyto,Phytoplankton,Phyto,0,Nphyto_T01,0.984882763,43.2363533,7.524505449,8.729403189,0.3832208,-27.88775073,0.467541913,20.52509,5.149440724,,,0
NB21.025,3/3/21,Winter,2021,ICF,,,UCB,INT5,Interior,SH,Sherman,P1,Res,P1_Res,Phyto,Phyto,Phytoplankton,Phyto,Yes,Nphyto_T01,0.696666667,30,5.64,8.513333333,0.366666667,-27.68333333,0.43,18,4.593333333,,,0
NB21.027,2/17/21,Winter,2021,ICF,,,UCB,INT6,Interior,SH,Sherman,P1,Res,P1_Res,Phyto,Phyto,Phytoplankton,Phyto,0,Nphyto_T01,0.714866651,31.382646,5.885955659,7.393790433,0.3245874,-27.59784049,0.374170319,16.426077,3.48887704,,,0
NP21.301,5/1/21,Summer,2021,USGS,Green,Algae,UCB,EXT2,Exterior,BR,Browns,P1,Ref,P1_Ref,SAV-Algae,Algae,Green Algae,Algae,,Nalgae_T01,5.503891112,81.1823939,13.42409782,40.70478644,0.6003956,-23.37416574,2.47134882,36.4523951,20.37827227,,0,0
NP20.424,6/9/20,Summer,2020,0,green,algae,UCB,EXT2,Exterior,BR,Browns,P1,Ref,P1_Ref,SAV-Algae,Algae,Green Algae,Algae,,Nalgae_T01,3.875796869,60.656221,11.52865186,33.62024281,0.5261568,-20.5481828,2.213619738,34.6431489,18.91746513,,0,0
NP20.368,6/9/20,Summer,2020,0,green,algae (leaves),UCB,EXT3,Exterior,BR,Browns,P1,Ref,P1_Ref,SAV-Algae,Algae,Green Algae,Algae,,Nalgae_T01,4.598241465,71.2727427,10.68080203,38.5008,0.5967624,-16.22128719,2.479283465,38.4288937,19.09318071,,0,IDed after frozen by UCB
NP21.356,6/10/21,Summer,2021,USGS/UCB,Green,Algae,UCB,EXT3,Exterior,SH,Sherman,P1,Res,P1_Res,SAV-Algae,Algae,Green Algae,Algae,,Nalgae_T01,4.862597981,76.0996584,11.95205123,40.36457508,0.6317056,-24.51518932,1.951998952,30.5487836,20.08357364,,0,0
NP21.355,6/8/21,Summer,2021,USGS/UCB,Green,Algae,UCB,EXT6,Exterior,SH,Sherman,P1,Res,P1_Res,SAV-Algae,Algae,Green Algae,Algae,,Nalgae_T01,4.696366638,70.6803179,11.2187691,41.00239203,0.617086,-28.19682132,2.32422889,34.9796448,20.45094428,,0,0
NP20.392,6/3/20,Summer,2020,USGS,Green,Algae,UCB,EXT1,Exterior,SH,Sherman,P1,Res,P1_Res,SAV-Algae,Algae,Green Algae,Algae,,Nalgae_T01,4.892918041,71.1919575,12.10447165,40.89954639,0.5950884,-21.26574068,2.48784866,36.198198,14.09303564,,0,IDed after frozen by UCB
NP21.337,6/16/21,Summer,2021,USGS/UCB,green,algae,UCB,INT5,Interior,BR,Browns,P1,Ref,P1_Ref,SAV-Algae,Algae,Green Algae,Algae,,Nalgae_T01,5.435122308,82.8856152,8.779943556,39.5368918,0.6029376,-22.70645672,2.419393226,36.8957467,20.78449844,, ,0
NP21.354,6/25/21,Summer,2021,USGS/UCB,Green,Algae,UCB,INT4,Interior,BR,Browns,P1,Ref,P1_Ref,SAV-Algae,Algae,Green Algae,Algae,,Nalgae_T01,5.6953566,91.1257056,9.352059998,41.644625,0.666314,-25.71086874,2.505052688,40.080843,20.61861532,,0,0
NP20.375,6/17/20,Summer,2020,USGS,Green,Algae,UCB,INT4,Interior,BR,Browns,P1,Ref,P1_Ref,SAV-Algae,Algae,Green Algae,Algae,,Nalgae_T01,4.886955041,71.8382391,8.92229423,39.07096599,0.5743432,-18.74828085,2.471808429,36.3355839,19.8925355,,0,IDED after frozen by UCB
NP21.303,6/8/21,Summer,2021,USGS/UCB,Green,Algae,UCB,INT1,Interior,SH,Sherman,P1,Res,P1_Res,SAV-Algae,Algae,Green Algae,Algae,,Nalgae_T01,4.397416607,66.6208616,9.066577593,41.15981518,0.6235712,-18.37507776,2.078103842,31.4832732,20.78182468,,0,0
NP20.395,6/3/20,Summer,2020,USGS,Green,Algae,UCB,INT3,Interior,SH,Sherman,P1,Res,P1_Res,SAV-Algae,Algae,Green Algae,Algae,,Nalgae_T01,5.161859532,79.4926368,10.85535028,38.86916883,0.5985852,-16.56354507,2.177539364,33.5341062,15.65005007,,0,IDed after frozen by UCB
NP20.404,5/14/20,Summer,2020,ICF,Green,Algae,UCB,INT4,Interior,SH,Sherman,P1,Res,P1_Res,SAV-Algae,Algae,Green Algae,Algae,Y,Nalgae_T01,5.389192588,80.83681277,9.483878119,40.61013178,0.609154133,-20.09401048,2.180270003,32.70470243,15.4867924,,#N/A,IDed after frozen by UCB
NP20.331,5/28/20,Summer,2020,ICF,Green,Leaves,UCB,EXT3,Exterior,BR,Browns,P1,Ref,P1_Ref,SAV-Algae,SAV,Potamogeton crispus,Potamogeton,,NSAVFAV_T01,5.522410596,166.7768,12.92278115,42.6014702,1.2865644,-24.96661775,0.289606026,8.746102,13.43852619,,"Very little sample left, wet possible methanol contamination",IDed after frozen by UCB
NP20.291,5/28/20,Summer,2020,0,green,leaves,UCB,EXT6,Exterior,BR,Browns,P1,Ref,P1_Ref,SAV-Algae,SAV,Potamogeton crispus,Potamogeton,,NSAVFAV_T01,4.740539474,144.1124,12.58233109,45.35936842,1.3789248,-25.6148464,0.224338026,6.819876,13.28353271,,All sample used,0
NP21.250,5/1/21,Summer,2021,USGS,Green,Leaves,USGS,EXT4,Exterior,SH,Sherman,P1,Res,P1_Res,SAV-Algae,SAV,Potamogeton crispus,Potamogeton,,NSAVFAV_T01,4.690930818,149.1716,12.17714584,43.73101887,1.3906464,-21.04322749,0.64272566,20.438676,16.68667503,,"All of sample, no replacement",0
NP21.265,5/1/21,Summer,2021,USGS,Brown with some green,Fleshy stems,USGS,EXT5,Exterior,BR,Browns,P1,Ref,P1_Ref,SAV-Algae,SAV,Potamogeton foliosus,Potamogeton,,NSAVFAV_T01,2.150299213,68.272,11.86156506,34.08177638,1.0820964,-17.60248476,0.312666898,9.927174,20.7617254,,0,0
NP21.019,6/16/21,Summer,2021,USGS/UCB,0,0,UCB,INT1,Interior,BR,Browns,P1,Ref,P1_Ref,SAV-Algae,SAV,Potamogeton crispus,Potamogeton,,NSAVFAV_T01,4.480935065,138.0128,11.46210119,42.05571429,1.295316,-21.89205637,0.63709474,19.622518,18.59327279,,Very little sample left,0
NP21.101,6/25/21,Summer,2021,USGS/UCB,0,0,UCB,INT6,Interior,BR,Browns,P1,Ref,P1_Ref,SAV-Algae,SAV,Potamogeton crispus,Potamogeton,,NSAVFAV_T01,3.595236542,110.194,8.299089782,40.64609462,1.2458028,-26.16946477,0.547985122,16.795744,16.16927508,,0,0
NP20.017,5/1/20,Summer,2020,USGS,Green and some contamination but some pieces fine ,leaves,USGS,INT3,Interior,BR,Browns,P1,Ref,P1_Ref,SAV-Algae,SAV,Potamogeton crispus,Potamogeton,Y,NSAVFAV_T01,4.874477342,152.1069333,10.83401898,43.11816499,1.3458456,-24.72795747,0.412567735,12.85954867,17.24624787,,#N/A,lots of contamination and hard to separate good pieces from contamination
NP21.108,7/6/21,Summer,2021,USGS/UCB,0,0,UCB,INT5,Interior,SH,Sherman,P1,Res,P1_Res,SAV-Algae,SAV,Potamogeton crispus,Potamogeton,,NSAVFAV_T01,2.916128617,90.6916,8.857951348,40.22264952,1.2509244,-24.02877825,0.430530289,13.389492,19.10015647,,0,0
NP21.116,7/6/21,Summer,2021,USGS/UCB,0,0,UCB,INTDO,Interior,SH,Sherman,P1,Res,P1_Res,SAV-Algae,SAV,Potamogeton crispus,Potamogeton,,NSAVFAV_T01,3.547937304,113.1792,7.986900571,41.35903448,1.3193532,-24.40925123,0.567203699,18.093798,18.0296013,,0,0
NP20.300,5/14/20,Summer,2020,ICF,Green,Leaves,UCB,INT4,Interior,SH,Sherman,P1,Res,P1_Res,SAV-Algae,SAV,Potamogeton crispus,Potamogeton,,NSAVFAV_T01,4.242391236,135.5444,9.808181083,43.37532394,1.3858416,-22.47489231,0.233358623,7.455808,13.02523721,,0,IDed after frozen by UCB
NP20.350,6/3/20,Summer,2020,USGS,Dark-medium green,Leaves,UCB,INT1,Interior,SH,Sherman,P1,Res,P1_Res,SAV-Algae,SAV,Potamogeton crispus,Potamogeton,,NSAVFAV_T01,4.467522095,136.4828,11.38857712,47.04817021,1.4373216,-28.49339955,0.232082422,7.090118,11.29555528,,Very little sample left,IDed after frozen by UCB
NP20.021,5/1/20,Summer,2020,USGS,"Green, some pieces contminated but a few clean pieces",Stem,USGS,EXT3,Exterior,CH,Chipps,P2,Ref,P2_Ref,Emergent,Emergent,Schoenoplectus acutus,Tule,0,,1.063395348,33.9223116,10.33656317,47.1799373,1.50504,-27.20867763,0.160414476,2.558610893,11.92931353,S rerun sample,0,0
NP20.390,5/1/20,Summer,2020,USGS,Green ,Stems,USGS,EXT6,Exterior,CH,Chipps,P2,Ref,P2_Ref,Emergent,Emergent,Schoenoplectus acutus,Tule,0,,1.83576159,57.8264901,8.739681926,45.36533333,1.429008,-28.15301979,0.423625079,13.34419,2.642377611,0,0,0
NP21.276,5/1/21,Summer,2021,USGS,Green,stems,USGS,EXT5,Exterior,CH,Chipps,P2,Ref,P2_Ref,Emergent,Emergent,Schoenoplectus acutus,Tule,0,,0.893905333,26.81716,4.997247409,45.41277333,1.3623832,-26.18389309,0.13798025,4.1394075,14.79857226,0,0,0
NP21.235,5/1/21,Summer,2021,USGS,Green,Stems,USGS,EXT4,Exterior,WH,Wheeler,P2,Res,P2_Res,Emergent,Emergent,Schoenoplectus americanus,Tule,0,,1.535844872,46.8432686,7.771110939,43.70519672,1.3330085,-27.39644066,0.133221885,4.0632675,3.794952021,0,0,0
NP21.225,5/1/21,Summer,2021,USGS,Good,stem,USGS,EXT2,Exterior,WH,Wheeler,P2,Res,P2_Res,Emergent,Emergent,Schoenoplectus californicus,Tule,0,,1.008136644,30.6977608,8.612719639,46.7102069,1.4223258,-25.65182601,0.112792478,1.731364535,-1.031049748,S rerun sample,0,0
NP20.227,5/22/20,Summer,2020,ICF,Green,stems,UCB,EXT6,Exterior,WH,Wheeler,P2,Res,P2_Res,Emergent,Emergent,Schoenoplectus sp.,Tule,0,,2.263674515,70.2870937,6.040117046,46.68341385,1.44952,-27.4682974,0.28976876,8.99732,8.682634573,0,0,IDed after frozen by UCB
NP20.229,5/22/20,Summer,2020,ICF,Green,stems,UCB,EXT1,Exterior,WH,Wheeler,P2,Res,P2_Res,Emergent,Emergent,Schoenoplectus sp.,Tule,0,,2.038330134,62.2709856,5.080645947,45.91345336,1.402656,-28.4215578,0.430394108,13.14854,4.38580899,0,0,IDed after frozen by UCB
NP20.262,5/12/20,Summer,2020,ICF,green,leaves,UCB,EXT3,Exterior,CH,Chipps,P2,Ref,P2_Ref,Emergent,Emergent,Typha,Typha,0,,2.883354606,88.0864832,7.709097666,49.61405565,1.5157094,-28.25158453,0.145638462,4.449255,11.68935727,0,0,"IDed after frozen by UCB, frozen but no freeze by date"
NP21.075,6/25/21,Summer,2021,USGS/UCB,0,0,UCB,EXT3,Exterior,CH,Chipps,P2,Ref,P2_Ref,Emergent,Emergent,Typha,Typha,Y,,1.772771346,55.53884287,7.8829307,47.50876717,1.488538667,-26.73601109,0.132614187,4.12671,13.23531796,"d34S value average of only two samples, not 3, because of faulty S value in one of trip samples",0,0
NP21.120,7/8/21,Summer,2021,USGS/UCB,0,0,UCB,EXTLocA,Exterior,CH,Chipps,P2,Ref,P2_Ref,Emergent,Emergent,Typha,Typha,0,,1.328340284,40.2487106,9.41693873,46.94283828,1.422368,-28.43543061,0.199545545,6.04623,6.505088426,0,0,0
NP20.170,5/22/20,Summer,2020,ICF,Green,Leaf,UCB,EXT2,Exterior,WH,Wheeler,P2,Res,P2_Res,Emergent,Emergent,Typha,Typha,0,,3.460581321,110.5655732,8.003414627,49.8439374,1.5925138,-27.30052724,0.228435446,7.2985125,10.73201102,0,0,ID by UCB after frozen
NP21.025,6/16/21,Summer,2021,USGS/UCB,0,0,UCB,EXT4,Exterior,WH,Wheeler,P2,Res,P2_Res,Emergent,Emergent,Typha,Typha,0,,1.78180225,54.8795093,11.79179855,47.56519481,1.465008,-27.27506894,0.147889286,4.55499,11.18699859,0,0,0
NP21.032,6/16/21,Summer,2021,USGS/UCB,0,0,UCB,EXT5,Exterior,WH,Wheeler,P2,Res,P2_Res,Emergent,Emergent,Typha,Typha,0,,1.47338398,44.3488578,8.715749487,45.32677741,1.364336,-27.56738892,0.151942857,4.57348,3.076672906,0,0,0
NP20.164,6/1/20,Summer,2020,USGS,Green,Stem,UCB,INT3,Interior,WH,Wheeler,P2,Res,P2_Res,Emergent,Emergent,Schoenoplectus acutus,Tule,0,,1.514051236,47.7683165,6.758130937,49.98187005,1.576928,-26.81032973,0.275608875,8.69546,6.310019949,0,0,0
NP21.273,5/1/21,Summer,2021,USGS,Green,stems,USGS,INT4,Interior,WH,Wheeler,P2,Res,P2_Res,Emergent,Emergent,Schoenoplectus acutus,Tule,0,,1.925716151,61.2377736,7.608695225,45.58973899,1.4497537,-26.33735457,0.153991509,4.89693,12.65955463,0,0,0
NP21.243,5/1/21,Summer,2021,USGS,Green,Stem,USGS,INT4,Interior,CH,Chipps,P2,Ref,P2_Ref,Emergent,Emergent,Schoenoplectus americanus,Tule,Y,,2.283597631,69.60893413,5.94811759,42.6717553,1.3007764,-28.06009423,0.501019265,15.2734725,27.18270995,0,0,0
NP20.008,5/1/20,Summer,2020,USGS,Green,stem,USGS,INT6,Interior,CH,Chipps,P2,Ref,P2_Ref,Emergent,Emergent,Schoenoplectus californicus,Tule,0,,1.435207278,45.35255,2.881905774,46.47746519,1.4686879,-26.11523927,0.123875291,1.969617125,18.81886122,S rerun sample,0,0
NP21.299,5/1/21,Summer,2021,USGS,Green,Stem,USGS,INT3,Interior,CH,Chipps,P2,Ref,P2_Ref,Emergent,Emergent,Schoenoplectus californicus,Tule,0,,1.454159088,44.642684,9.360816262,35.20072964,1.0806624,-27.51153677,0.398256107,12.2264625,12.05594104,0,0,0
NP20.380,5/1/20,Summer,2020,USGS,Brown,"Leaves, but most much larger thn expect for typha",USGS,INT2,Interior,CH,Chipps,P2,Ref,P2_Ref,Emergent,Emergent,Typha,Typha,0,,1.708854506,54.6833442,10.86094686,41.35821563,1.3234629,-27.56605597,0.139545938,4.46547,13.56371336,0,0,looks like previously dead bottom portion of plant
NP21.258,5/1/21,Summer,2021,USGS,Green with burnt areas,Leaves,USGS,INT3,Interior,CH,Chipps,P2,Ref,P2_Ref,Emergent,Emergent,Typha,Typha,0,,2.108244438,65.8826387,10.86651917,46.025216,1.438288,-27.26218705,0.191608,5.98775,13.67914061,0,0,0
NP20.165,6/1/20,Summer,2020,USGS,Green,Leaf,UCB,INT3,Interior,WH,Wheeler,P2,Res,P2_Res,Emergent,Emergent,Typha,Typha,0,,2.814474218,85.2785688,6.712947953,48.94151155,1.4829278,-29.70139162,0.303359406,9.19179,15.73148727,0,0,0
NP20.225,6/1/20,Summer,2020,USGS,Green,leaves,UCB,INT2,Interior,WH,Wheeler,P2,Res,P2_Res,Emergent,Emergent,Typha,Typha,0,,2.878651399,90.9653842,8.409946081,48.09565823,1.5198228,-27.34192145,0.209581329,6.62277,14.02123772,0,0,IDed after frozen by UCB
NP21.118,7/8/21,Summer,2021,USGS/UCB,0,0,UCB,INT3,Interior,WH,Wheeler,P2,Res,P2_Res,Emergent,Emergent,Typha,Typha,0,,1.914125068,60.7734709,10.04982361,49.53398425,1.572704,-27.77845385,0.204138268,6.48139,15.16537079,0,0,0
NP21.001,5/27/21,Summer,2021,UCB,0,0,UCB,EXT5,Exterior,CH,Chipps,P2,Ref,P2_Ref,FAV,FAV,Alternanthera philoxeroides,Alternanthera,,NSAVFAV_T01,4.09013245,123.522,11.91655327,38.54793377,1.1641476,-27.70732693,0.309359338,9.342652,20.53352258,,0,0
NP21.122,7/8/21,Summer,2021,USGS/UCB,0,0,UCB,EXTA,Exterior,WH,Wheeler,P2,Res,P2_Res,FAV,FAV,Alternanthera philoxeroides,Alternanthera,,NSAVFAV_T01,3.612125786,114.8656,11.33317636,38.18245283,1.214202,-28.76953895,0.239803522,7.625752,20.30426813,,0,0
NP21.129,7/8/21,Summer,2021,USGS/UCB,0,0,UCB,INTD,Interior,CH,Chipps,P2,Ref,P2_Ref,FAV,FAV,Alternanthera philoxeroides,Alternanthera,,NSAVFAV_T01,3.731365079,117.538,12.48255191,30.41531429,0.9580824,-27.37205013,0.317063746,9.987508,20.63027216,,0,0
NP21.123,7/8/21,Summer,2021,USGS/UCB,0,0,UCB,INTC,Interior,CH,Chipps,P2,Ref,P2_Ref,FAV,FAV,Alternanthera philoxeroides,Alternanthera,,NSAVFAV_T01,2.58805298,78.1592,12.23534867,26.54686093,0.8017152,-28.04870446,0.298188278,9.005286,19.18113167,,0,0
NP20.288,5/12/20,Summer,2020,ICF,green,leaves,UCB,INT3,Interior,CH,Chipps,P2,Ref,P2_Ref,FAV,FAV,Alternanthera philoxeroides,Alternanthera,,NSAVFAV_T01,5.245872757,160.786,10.00989284,45.57466884,1.3968636,-30.54715034,0.326578271,10.009624,17.8182245,,0,"ID confirmed as FAV with hollow stem, leaves present as well, in pretty good condition; IDed after frozen by UCB"
NP20.268,5/12/20,Summer,2020,ICF,green,leaves,UCB,INT1,Interior,CH,Chipps,P2,Ref,P2_Ref,FAV,FAV,Alternanthera philoxeroides,Alternanthera,,NSAVFAV_T01,6.02606874,184.0964,9.717315908,42.01531915,1.283568,-29.57940702,0.333902259,10.200714,19.1253955,,0,"IDed ater frozen, ID confirmed with presence of white flower and hollow stems"
NP21.121,7/8/21,Summer,2021,USGS/UCB,0,0,UCB,INTB,Interior,WH,Wheeler,P2,Res,P2_Res,FAV,FAV,Alternanthera philoxeroides,Alternanthera,,NSAVFAV_T01,3.314776316,100.7692,12.24452079,33.87406579,1.0297716,-28.03913182,0.333360921,10.134172,19.44508977,,0,0
NP21.015,6/16/21,Summer,2021,USGS/UCB,0,0,UCB,INTLocB,Interior,WH,Wheeler,P2,Res,P2_Res,FAV,FAV,Alternanthera philoxeroides,Alternanthera,,NSAVFAV_T01,3.714146965,116.2528,12.31638572,32.7726901,1.0257852,-26.70657358,0.244427604,7.650584,20.42730836,,0,0
NB20.007,5/12/20,Summer,2020,ICF,,,UCB,EXT3,Exterior,CH,Chipps,P2,Ref,P2_Ref,Phyto,Phyto,Phytoplankton,Phyto,0,Nphyto_T01,0.498972052,22.0795133,7.792127213,4.073717514,0.180262,-26.74179198,0.211728836,9.369001,2.319716844,,,0
NB20.031,2/13/20,Winter,2020,ICF,,,UCB,EXT,Exterior,CH,Chipps,P2,Ref,P2_Ref,Phyto,Phyto,Phytoplankton,Phyto,0,Nphyto_T01,0.500288883,22.2628553,5.060356754,6.419078652,0.285649,-27.02237006,0.343177584,15.2714025,1.135222978,,,0
NB21.021,7/13/21,Summer,2021,ICF,,,UCB,EXT5,Exterior,CH,Chipps,P2,Ref,P2_Ref,Phyto,Phyto,Phytoplankton,Phyto,0,Nphyto_T01,0.346299416,15.5488438,6.314265451,3.54352784,0.1591044,-26.46617651,0.169576777,7.6139973,2.564545161,,,0
NB20.004,5/22/20,Summer,2020,ICF,,,UCB,EXT1,Exterior,WH,Wheeler,P2,Res,P2_Res,Phyto,Phyto,Phytoplankton,Phyto,0,Nphyto_T01,1.225829493,54.1203721,6.871292408,12.8888154,0.5690412,-27.48455908,0.654198165,28.882849,6.060975456,,,0
NB21.013,6/24/21,Summer,2021,ICF,,,UCB,EXT3,Exterior,WH,Wheeler,P2,Res,P2_Res,Phyto,Phyto,Phytoplankton,Phyto,0,Nphyto_T01,1.277071453,56.0634368,10.36804289,10.1202779,0.4442802,-26.81732704,0.400646419,17.5883778,6.564561266,,,0
NB20.009,5/12/20,Summer,2020,ICF,,,UCB,INT3,Interior,CH,Chipps,P2,Ref,P2_Ref,Phyto,Phyto,Phytoplankton,Phyto,0,Nphyto_T01,0.479844448,20.6573035,5.107972186,5.860833914,0.2523089,-27.39972724,0.618270894,26.616562,0.314347794,,,0
NB20.030,2/13/20,Winter,2020,ICF,,,UCB,INT,Interior,CH,Chipps,P2,Ref,P2_Ref,Phyto,Phyto,Phytoplankton,Phyto,0,Nphyto_T01,0.621908154,25.4671389,2.891104841,9.011555556,0.3690232,-27.46486599,0.830857516,34.0236153,3.29409537,,,says phyto/spom on the tray
NB20.032,2/13/20,Winter,2020,ICF ,,,UCB,INT,Interior,CH,Chipps,P2,Ref,P2_Ref,Phyto,Phyto,Phytoplankton,Phyto,0,Nphyto_T01,0.461470721,18.8741525,3.924801778,6.268542787,0.2563834,-27.36184897,0.362770746,14.8373235,1.781887642,,,says 50um on the tray label
NB21.022,6/14/21,Summer,2021,ICF,,,UCB,INT1,Interior,CH,Chipps,P2,Ref,P2_Ref,Phyto,Phyto,Phytoplankton,Phyto,0,Nphyto_T01,0.861248192,36.3016113,6.158695407,10.39773191,0.4382644,-27.47555534,0.523225694,22.053963,3.852788994,,,0
NB21.026,3/11/21,Winter,2021,ICF,,,UCB,INT2,Interior,CH,Chipps,P2,Ref,P2_Ref,Phyto,Phyto,Phytoplankton,Phyto,0,Nphyto_T01,0.622908968,25.8818676,4.885392609,7.994519856,0.3321723,-27.47990558,0.450974777,18.738002,1.220236115,,,0
NB20.003,6/26/20,Summer,2020,ICF,,,UCB,INT3,Interior,WH,Wheeler,P2,Res,P2_Res,Phyto,Phyto,Phytoplankton,Phyto,0,Nphyto_T01,1.260752527,55.2839983,9.038686488,11.03423033,0.483851,-26.8483033,0.524906842,23.017165,3.809402304,,,0
NB21.014,6/14/21,Summer,2021,ICF,,,UCB,INT3,Interior,WH,Wheeler,P2,Res,P2_Res,Phyto,Phyto,Phytoplankton,Phyto,0,Nphyto_T01,0.747394758,29.8957903,6.671613572,7.991165,0.3196466,-23.87584438,0.455884588,18.2353835,3.512664055,,,0
NB21.023,3/11/21,Winter,2021,ICF,,,UCB,INT3,Interior,WH,Wheeler,P2,Res,P2_Res,Phyto,Phyto,Phytoplankton,Phyto,0,Nphyto_T01,0.684722511,30.0250821,5.494324666,7.650458381,0.3354726,-27.06029072,0.43807057,19.2093945,3.090023558,,,0
NP21.311,5/27/21,Summer,2021,USGS,green,algae,UCB,EXT5,Exterior,CH,Chipps,P2,Ref,P2_Ref,SAV-Algae,Algae,Green Algae,Algae,,Nalgae_T01,4.036558154,60.3465444,11.53067927,41.20947157,0.6160816,-14.58431881,2.596998167,38.8251226,20.23874312,,0,0
NP20.408,6/17/20,Summer,2020,USGS,Green,Algae,UCB,EXT5,Exterior,CH,Chipps,P2,Ref,P2_Ref,SAV-Algae,Algae,Green Algae,Algae,,Nalgae_T01,5.390228716,79.775385,14.96075393,40.95183784,0.6060872,-20.51124128,1.995449926,29.5326589,19.62926012,, ,IDed after frozen by UCB
NP21.352,6/16/21,Summer,2021,USGS/UCB,Green,Algae,UCB,EXT3,Exterior,WH,Wheeler,P2,Res,P2_Res,SAV-Algae,Algae,Green Algae,Algae,,Nalgae_T01,5.190028344,83.0404535,10.09199852,37.4139,0.5986224,-11.67551997,2.4696277,39.5140432,20.53403541,,0,0
NP21.306,6/25/21,Summer,2021,0,Green,Algae,UCB,INT1,Interior,CH,Chipps,P2,Ref,P2_Ref,SAV-Algae,Algae,Green Algae,Algae,,Nalgae_T01,5.309368248,81.4988026,10.55056512,39.74624104,0.6101048,-17.38457613,2.568540619,39.4270985,20.42577296,,0,0
NP20.376,6/17/20,Summer,2020,USGS,Green,Algae,UCB,INT4,Interior,CH,Chipps,P2,Ref,P2_Ref,SAV-Algae,Algae,Green Algae,Algae,,Nalgae_T01,5.663799881,90.6207981,11.00853762,38.85075,0.621612,-25.29380368,2.191786288,35.0685806,20.64811038,,0,IDED after frozen by UCB
NP21.358,no date,Summer,2021,ICF/UCB,Green,Algae,UCB,INTLocA,Interior,CH,Chipps,P2,Ref,P2_Ref,SAV-Algae,Algae,Green Algae,Algae,Y,Nalgae_T01,5.44808106,84.82446,9.965077194,40.27103997,0.627001867,-20.07997729,2.544582151,39.61669547,20.44483493,,#N/A,0
NP20.427,6/17/20,Summer,2020,USGS,Green,algae,UCB,INT6,Interior,CH,Chipps,P2,Ref,P2_Ref,SAV-Algae,Algae,Green Algae,Algae,Y,Nalgae_T01,5.268611242,79.09095483,9.571485438,36.3553584,0.5457612,-21.73724924,1.936322878,29.0674052,20.52689532,,#N/A,IDed after frozen by UCB
NP21.336,6/16/21,Summer,2021,USGS,green,algae,UCB,INT2,Interior,WH,Wheeler,P2,Res,P2_Res,SAV-Algae,Algae,Green Algae,Algae,,Nalgae_T01,4.252550025,66.9776629,9.157199437,36.54024127,0.5755088,-16.25843536,2.802288889,44.13605,20.57766806,,0,0
NP20.394,6/1/20,Summer,2020,USGS,Green,Algae,UCB,INT2,Interior,WH,Wheeler,P2,Res,P2_Res,SAV-Algae,Algae,Green Algae,Algae,,Nalgae_T01,3.824715698,58.3269144,8.884809605,36.92923279,0.5631708,-13.96209599,2.31398461,35.2882653,19.90042347,,0,IDed after frozen by UCB
NP20.339,5/22/20,Summer,2020,ICF,Green,Medium and Filamentous,UCB,INT3,Interior,WH,Wheeler,P2,Res,P2_Res,SAV-Algae,Algae,Green Algae,Algae,,Nalgae_T01,5.740726066,86.9719999,11.51465859,44.14891089,0.668856,-26.0752006,1.979271683,29.985966,19.78010353,,0," Mix of Medium leaf, and filamentous algae; IDed after frozen by UCB"
NP20.423,6/1/20,Summer,2020,usgs,green,algae,UCB,INT5,Interior,WH,Wheeler,P2,Res,P2_Res,SAV-Algae,Algae,Green Algae,Algae,,Nalgae_T01,5.730153688,88.2443668,10.51019974,43.56667532,0.6709268,-20.81035529,2.232316162,34.3776689,19.98917522,,0,0
NP21.330,6/16/21,Summer,2021,USGS,greenish brown,Algae,UCB,INT1,Interior,WH,Wheeler,P2,Res,P2_Res,SAV-Algae,Algae,Green Algae,Algae,Y,Nalgae_T01,4.31840572,66.50865993,8.838881045,38.81013582,0.597659333,-13.18901404,2.682839383,41.31311267,20.48280928,,#N/A,0
NP21.185,5/1/21,Summer,2021,USGS,Brown,Fleshy stem,USGS,EXT5,Exterior,CH,Chipps,P2,Ref,P2_Ref,SAV-Algae,SAV,Potamogeton foliosus,Potamogeton,,NSAVFAV_T01,1.65462969,50.7144,10.52623407,36.73949755,1.1260656,-16.50104264,0.286544013,8.782574,20.87845588,,0,0
NP21.282,5/1/21,Summer,2021,USGS,brown,fleshy stems,USGS,EXT3,Exterior,CH,Chipps,P2,Ref,P2_Ref,SAV-Algae,SAV,Potamogeton foliosus,Potamogeton,Y (2 sample trip),NSAVFAV_T01,1.7785127,56.151,13.73476655,37.1163299,1.171896,-19.27550625,0.27494946,8.681694,20.84953616,,#N/A,0
NP21.063,6/24/21,Summer,2021,USGS/UCB,0,0,UCB,EXT TOW,Exterior,WH,Wheeler,P2,Res,P2_Res,SAV-Algae,SAV,Potamogeton foliosus,Potamogeton,,NSAVFAV_T01,1.417274448,44.9276,13.74230178,34.67144479,1.0990848,-16.71022244,0.727787634,23.070868,20.38839821,,0,0
NP20.321,5/22/20,Summer,2020,USGS,green,stems,UCB,EXT6,Exterior,WH,Wheeler,P2,Res,P2_Res,SAV-Algae,SAV,Potamogeton foliosus,Potamogeton,,NSAVFAV_T01,4.410737542,132.7632,8.529364467,45.33607973,1.364616,-19.09869151,0.256595615,7.723528,17.71856272,,VERY little sample left,0
NP20.103,5/1/20,Summer,2020,USGS,Green,leaves,USGS,INT5,Interior,CH,Chipps,P2,Ref,P2_Ref,SAV-Algae,SAV,Potamogeton crispus,Potamogeton,,NSAVFAV_T01,4.761065831,151.878,12.9900896,42.07986207,1.3423476,-28.65240253,0.522443824,16.665958,17.96496676,,0,0
NP20.058,5/1/20,Summer,2020,USGS,Green and some contamination,Leaves,USGS,INT6,Interior,CH,Chipps,P2,Ref,P2_Ref,SAV-Algae,SAV,Potamogeton crispus,Potamogeton,,NSAVFAV_T01,3.405028939,105.8964,9.777516604,30.47120257,0.9476544,-23.61903646,0.417692605,12.99024,15.45441215,,0,some contamination like sediment and hard to separate leaves from ones with sediment
NP20.428,6/17/20,Summer,2020,USGS,Green,Leaves,UCB,INT6,Interior,CH,Chipps,P2,Ref,P2_Ref,SAV-Algae,SAV,Potamogeton crispus,Potamogeton,,NSAVFAV_T01,5.24599361,164.1996,8.819279651,44.4823131,1.3922964,-23.54728903,0.352652332,11.038018,14.89769758,,0,IDed after frozen by UCB
NP20.355,6/26/20,Summer,2020,0,Light to medium green,Leaves,UCB,INT3,Interior,WH,Wheeler,P2,Res,P2_Res,SAV-Algae,SAV,Potamogeton crispus,Potamogeton,,NSAVFAV_T01,4.012538827,126.5956,10.15210387,40.59533439,1.2807828,-19.51851395,0.228391189,7.205742,17.20706806,,"Two tin sample, wet after grinding, possible contamination","IDed after frozen by UCB, from mysid sample"
NP20.421,6/1/20,Summer,2020,usgs,green,leaves,UCB,INT5,Interior,WH,Wheeler,P2,Res,P2_Res,SAV-Algae,SAV,Potamogeton crispus,Potamogeton,,NSAVFAV_T01,4.943173432,133.96,10.60631249,44.70805904,1.2115884,-21.3888466,0.287399188,7.788518,14.04458629,,"All sample used; wet after grinding, possible contamination",0
NP21.127,7/8/21,Summer,2021,USGS/UCB,0,0,UCB,INTA,Interior,CH,Chipps,P2,Ref,P2_Ref,SAV-Algae,SAV,Potamogeton foliosus,Potamogeton,,NSAVFAV_T01,3.295213115,100.504,2.774929214,37.84158689,1.1541684,-18.99291039,0.859954295,26.228606,19.82682997,,0,0
NP21.272,5/1/21,Summer,2021,USGS,Green,Fleshy stems,USGS,INT2,Interior,WH,Wheeler,P2,Res,P2_Res,SAV-Algae,SAV,Potamogeton foliosus,Potamogeton,,NSAVFAV_T01,2.04,62.526,6.043758467,34.37986297,1.0537428,-16.79735099,0.343762936,10.536334,17.28399854,,"NP21.272, WHINT2",0
NP21.277,5/1/21,Summer,2021,USGS,Green,fleshy stems,USGS,INT1,Interior,WH,Wheeler,P2,Res,P2_Res,SAV-Algae,SAV,Potamogeton foliosus,Potamogeton,,NSAVFAV_T01,1.871987362,59.2484,2.02119088,37.87002844,1.1985864,-17.40548346,0.247241201,7.825184,24.64012173,,"NP21.277, WHINT1",0
NP21.064,6/23/21,Summer,2021,USGS/UCB,0,0,UCB,EXTB,Exterior,TR,Tule Red,P3,Res,P3_Res,Emergent,Emergent,Schoenoplectus sp.,Tule,0,,1.041534902,33.0166564,8.701310029,41.71742587,1.3224424,-25.94057589,0.231704811,7.3450425,16.02449307,0,0,0
NP20.180,6/4/20,Summer,2020,USGS,Green,Stem,UCB,EXT3,Exterior,RY,Ryer,P3,Ref,P3_Ref,Emergent,Emergent,Schoenoplectus acutus,Tule,0,,1.222167172,38.0705074,4.284779516,49.70375602,1.548272,-28.21643836,0.24639069,7.67507,14.68637118,0,0,0
NP20.252,6/4/20,Summer,2020,USGS,Green,stems,UCB,EXT2,Exterior,RY,Ryer,P3,Ref,P3_Ref,Emergent,Emergent,Schoenoplectus acutus,Tule,0,,2.186249494,68.7575466,6.60115444,47.9572655,1.508256,-27.73386267,0.231475358,7.2799,7.1675743,0,0,IDed after frozen by UCB
NP21.254,5/1/21,Summer,2021,USGS,Green with burnt ends,Stems,USGS,EXT4,Exterior,RY,Ryer,P3,Ref,P3_Ref,Emergent,Emergent,Schoenoplectus americanus,Tule,0,,2.332651226,72.8953508,7.751424186,44.4418016,1.3888063,-27.13293116,0.40374504,12.6170325,8.310917423,0,0,0
NP20.012,5/1/20,Summer,2020,USGS,Green,stem,USGS,EXT3,Exterior,TR,Tule Red,P3,Res,P3_Res,Emergent,Emergent,Schoenoplectus californicus,Tule,0,,2.274610892,70.3992071,6.941817184,44.18378029,1.367488,-28.17184717,0.219140226,6.78239,16.35701392,0,0,0
NP20.382,5/1/20,Summer,2020,USGS,Green,Stems,USGS,EXT5,Exterior,TR,Tule Red,P3,Res,P3_Res,Emergent,Emergent,Schoenoplectus californicus,Tule,0,,2.116199891,64.1208567,3.45498573,46.9169637,1.421584,-27.99645519,0.149275791,2.268992023,17.3432927,S rerun sample,0,0
NP20.178,6/4/20,Summer,2020,USGS,Green,Leaves,UCB,EXT3,Exterior,RY,Ryer,P3,Ref,P3_Ref,Emergent,Emergent,Typha,Typha,0,,2.313468257,71.9488628,4.815144941,50.31824759,1.5648975,-28.91288233,0.158659003,4.934295,10.28538937,0,0,0
NP21.072,6/24/21,Summer,2021,USGS/UCB,0,0,UCB,EXT4,Exterior,RY,Ryer,P3,Ref,P3_Ref,Emergent,Emergent,Typha,Typha,0,,1.344940013,40.9534234,6.19157343,45.29392447,1.3792,-25.66879545,0.091494209,1.431884369,9.14712444,S rerun sample,0,0
NP21.106,6/22/21,Summer,2021,USGS/UCB,0,0,UCB,EXT5,Exterior,RY,Ryer,P3,Ref,P3_Ref,Emergent,Emergent,Typha,Typha,0,,1.397824122,43.6121126,7.776844323,46.10410256,1.438448,-27.40487883,0.192245833,5.99807,12.79915027,0,0,0
NP20.023,5/1/20,Summer,2020,USGS,Green,stem,USGS,INT4,Interior,RY,Ryer,P3,Ref,P3_Ref,Emergent,Emergent,Schoenoplectus acutus,Tule,0,,1.67535795,50.7633459,5.52169125,46.090033,1.396528,-25.85905116,0.14380165,4.35719,12.95852983,0,0,0
NP21.264,5/1/21,Summer,2021,USGS,Green,Stems,USGS,INT4,Interior,RY,Ryer,P3,Ref,P3_Ref,Emergent,Emergent,Schoenoplectus acutus,Tule,0,,1.434004438,45.1711398,6.138094758,42.66263175,1.3438729,-23.66389415,0.200455,6.3143325,17.65660957,0,0,0
NP21.297,5/1/21,Summer,2021,USGS,Green,Stem,USGS,INT5,Interior,TR,Tule Red,P3,Res,P3_Res,Emergent,Emergent,Schoenoplectus acutus,Tule,0,,1.343491313,42.2528018,8.535941302,39.56749444,1.2443977,-27.82552702,0.191280286,6.015765,17.23515512,0,0,0
NP21.202,5/1/21,Summer,2021,USGS,Good,stem,USGS,INT1,Interior,RY,Ryer,P3,Ref,P3_Ref,Emergent,Emergent,Schoenoplectus californicus,Tule,Y,,1.311088112,40.92508947,9.967168262,44.46718331,1.3879428,-25.45831647,0.136524251,2.125202638,9.427301863,S rerun samples,0,0
NP20.171,5/20/20,Summer,2020,ICF,Green,Stem,UCB,INT3,Interior,TR,Tule Red,P3,Res,P3_Res,Emergent,Emergent,Schoenoplectus sp.,Tule,0,,1.960463975,61.9506616,6.198131251,45.42531646,1.43544,-28.40669407,0.320064241,10.11403,8.146140945,0,0,ID by UCB after frozen
NP20.276,6/4/20,Summer,2020,ICF,Green,Leaves,UCB,INT3,Interior,RY,Ryer,P3,Ref,P3_Ref,Emergent,Emergent,Typha,Typha,0,,2.768322745,84.710676,7.384266238,48.9475719,1.4977957,-27.23995034,0.179901716,5.5049925,9.3060917,0,0,IDed after frozen by UCB
NP20.281,6/4/20,Summer,2020,ICF,Green,Leaves,UCB,INT5,Interior,RY,Ryer,P3,Ref,P3_Ref,Emergent,Emergent,Typha,Typha,Y,,2.254468465,69.330246,7.918433476,47.69709428,1.467008,-28.24350761,0.165859969,2.580538154,14.32070004,S rerun samples,0,IDed after frozen by UCB
NP21.119,7/7/21,Summer,2021,USGS/UCB,0,0,UCB,INT1,Interior,RY,Ryer,P3,Ref,P3_Ref,Emergent,Emergent,Typha,Typha,0,,2.766891053,83.8367989,10.37420018,49.90468647,1.512112,-27.83989059,0.230085479,6.97159,13.99190078,0,0,0
NP20.173,5/20/20,Summer,2020,ICF,Green,Leaf,UCB,INT1,Interior,TR,Tule Red,P3,Res,P3_Res,Emergent,Emergent,Typha,Typha,0,,2.246232151,71.3178708,8.863725743,46.26728189,1.4689862,-29.27836295,0.181623543,5.7665475,27.17555834,0,0,ID by UCB after frozen
NP21.010,6/17/21,Summer,2021,USGS/UCB,0,0,UCB,INT6,Interior,TR,Tule Red,P3,Res,P3_Res,Emergent,Emergent,Typha,Typha,Y,,2.793433239,87.2162171,8.337358593,49.68634695,1.551221333,-26.9001727,0.175195243,5.470316667,14.62871845,0,0,0
NP21.018,6/17/21,Summer,2021,USGS/UCB,0,0,UCB,INT5,Interior,TR,Tule Red,P3,Res,P3_Res,Emergent,Emergent,Typha,Typha,0,,1.733849747,54.1828046,8.386622552,46.746112,1.460816,-27.01445825,0.15434592,4.82331,15.88240032,0,0,0
NP21.043,6/17/21,Summer,2021,USGS/UCB,0,0,UCB,INT2,Interior,TR,Tule Red,P3,Res,P3_Res,Emergent,Emergent,Typha,Typha,0,,3.048592185,97.4025203,8.128595807,50.71223787,1.620256,-27.21065946,0.240773083,7.6927,17.89165805,0,0,0
NP21.126,7/7/21,Summer,2021,USGS/UCB,0,0,UCB,EXT2New,Exterior,RY,Ryer,P3,Ref,P3_Ref,FAV,FAV,Alternanthera philoxeroides,Alternanthera,,NSAVFAV_T01,3.093219672,94.3432,8.887709038,30.62010492,0.9339132,-27.37664212,0.270308787,8.244418,19.6859121,,0,0
NP20.286,6/4/20,Summer,2020,ICF,green,leaves,UCB,INT1,Interior,RY,Ryer,P3,Ref,P3_Ref,FAV,FAV,Alternanthera philoxeroides,Alternanthera,,NSAVFAV_T01,3.745045161,116.0964,9.241983504,39.94830968,1.2383976,-29.68553855,0.222198839,6.888164,21.50522491,,0,"ID confirmed with presence of white flower and hollow stem; IDed after frozen by UCB, frozen but no freeze by date"
NP20.287,6/4/20,Summer,2020,ICF,green,stems,UCB,INT1,Interior,RY,Ryer,P3,Ref,P3_Ref,FAV,FAV,Alternanthera philoxeroides,Alternanthera,,NSAVFAV_T01,0.764222222,23.3852,11.12656153,37.48972549,1.1471856,-28.85535461,0.205861895,6.299374,22.50006302,,0,"same plant as NP20.286, drying incase want to compare with ""only hollow stem"" samples found "
NP21.113,7/6/21,Summer,2021,USGS/UCB,0,0,UCB,INTX,Interior,RY,Ryer,P3,Ref,P3_Ref,FAV,FAV,Alternanthera philoxeroides,Alternanthera,Y,NSAVFAV_T01,2.785431587,85.70493333,12.41658044,30.83688883,0.9488644,-27.29131764,0.240713449,7.406661333,20.27517315,,#N/A,0
NB20.011,6/4/20,Summer,2020,ICF,,,UCB,EXT6,Exterior,RY,Ryer,P3,Ref,P3_Ref,Phyto,Phyto,Phytoplankton,Phyto,0,Nphyto_T01,2.266824713,93.1664957,9.175150356,18.45709246,0.7585865,-29.62712182,0.6241109,25.650958,7.309480969,,,0
NB20.029,2/12/20,Winter,2020,ICF,,,UCB,EXT,Exterior,RY,Ryer,P3,Ref,P3_Ref,Phyto,Phyto,Phytoplankton,Phyto,0,Nphyto_T01,0.949118536,42.7103341,6.220503892,9.186955556,0.413413,-27.56121691,0.46297566,20.8339047,2.85990596,,,says phyto/spom on the tray
NB21.015,6/23/21,Summer,2021,ICF,,,UCB,EXT2,Exterior,RY,Ryer,P3,Ref,P3_Ref,Phyto,Phyto,Phytoplankton,Phyto,0,Nphyto_T01,2.461243378,110.017579,11.06506078,14.56203579,0.650923,-25.50880337,0.415262295,18.5622246,9.441897796,,,0
NB20.006,5/15/20,Summer,2020,ICF,,,UCB,EXT1,Exterior,TR,Tule Red,P3,Res,P3_Res,Phyto,Phyto,Phytoplankton,Phyto,0,Nphyto_T01,1.812410439,75.1244127,10.16602738,17.5124801,0.7258923,-28.6902603,0.465651894,19.301271,5.0227304,,,0
NB21.016,7/13/21,Summer,2021,ICF,,,UCB,EXT4,Exterior,TR,Tule Red,P3,Res,P3_Res,Phyto,Phyto,Phytoplankton,Phyto,0,Nphyto_T01,0.49797115,20.4417157,8.235962692,4.686333739,0.192374,-25.14761787,0.192990409,7.9222563,5.626888971,,,0
NB20.010,6/4/20,Summer,2020,ICF,,,UCB,INT6,Interior,RY,Ryer,P3,Ref,P3_Ref,Phyto,Phyto,Phytoplankton,Phyto,0,Nphyto_T01,3.125462134,126.1123971,9.189494782,22.26602974,0.8984343,-30.53688875,0.608209021,24.541234,9.047969784,,,0
NB21.018,6/23/21,Summer,2021,ICF,,,UCB,INT5,Interior,RY,Ryer,P3,Ref,P3_Ref,Phyto,Phyto,Phytoplankton,Phyto,0,Nphyto_T01,2.411534247,105.3840466,11.30051191,13.7053913,0.5989256,-26.64819568,0.39797413,17.3914695,9.705258056,,,0
NB21.029,2/5/21,Winter,2021,ICF,,,UCB,INT1,Interior,RY,Ryer,P3,Ref,P3_Ref,Phyto,Phyto,Phytoplankton,Phyto,0,Nphyto_T01,0.463637192,20.0754904,5.748447048,5.949124711,0.2575971,-26.85726541,0.363309434,15.7312985,-0.006552309,,,0
NB20.005,5/15/20,Summer,2020,ICF,,,UCB,INT6,Interior,TR,Tule Red,P3,Res,P3_Res,Phyto,Phyto,Phytoplankton,Phyto,0,Nphyto_T01,0.473811866,19.7816454,6.495257104,5.867662275,0.2449749,-26.97752241,0.181703389,7.5861165,2.307397505,,,0
NB20.027,3/5/20,Winter,2020,UCB,,,UCB,INT,Interior,TR,Tule Red,P3,Res,P3_Res,Phyto,Phyto,Phytoplankton,Phyto,Yes,Nphyto_T01,0.483333333,20.66666667,7.126666667,5.62,0.243333333,-28.30666667,0.143333333,6.333333333,1.033333333,,,says 50um net and phyto+spom on bag 
NB21.012,6/24/21,Summer,2021,ICF,,,UCB,INT2,Interior,TR,Tule Red,P3,Res,P3_Res,Phyto,Phyto,Phytoplankton,Phyto,0,Nphyto_T01,1.032913758,45.2932683,10.62133124,7.497730901,0.3287755,-26.09606364,0.310315393,13.60733,6.213394745,,,0
NB21.028,2/8/21,Winter,2021,ICF,,,UCB,INT5,Interior,TR,Tule Red,P3,Res,P3_Res,Phyto,Phyto,Phytoplankton,Phyto,0,Nphyto_T01,0.662671138,26.9044482,6.625031292,6.194539409,0.2514983,-28.39455577,0.202735308,8.2310535,2.537539951,,,0
NP21.313,7/7/21,Summer,2021,USGS,green,algae,UCB,EXT4,Exterior,RY,Ryer,P3,Ref,P3_Ref,SAV-Algae,Algae,Green Algae,Algae,,Nalgae_T01,3.077041376,48.3095496,12.68791001,37.9084586,0.5951628,-19.28909249,2.638862745,41.4301451,21.98963764,,0,0
NP21.305,6/22/21,Summer,2021,usgs,Green,Algae,UCB,EXT5,Exterior,RY,Ryer,P3,Ref,P3_Ref,SAV-Algae,Algae,Green Algae,Algae,,Nalgae_T01,4.444083613,66.6612542,13.66749155,36.89496,0.5534244,-19.21861199,1.527262193,22.9089329,19.64279708,,0,0
NP20.373,6/4/20,Summer,2020,0,Green,Algae (fine and hard to clean),UCB,EXT3,Exterior,RY,Ryer,P3,Ref,P3_Ref,SAV-Algae,Algae,Green Algae,Algae,,Nalgae_T01,3.307803618,52.7594677,13.97896384,43.98384953,0.7015424,-21.16546234,2.205481342,35.1774274,21.52653171,,0,IDed after frozen by UCB
NP21.307,6/23/21,Summer,2021,USGS,green,algae,UCB,EXTB,Exterior,TR,Tule Red,P3,Res,P3_Res,SAV-Algae,Algae,Green Algae,Algae,,Nalgae_T01,5.608723313,83.2895412,13.94609157,39.31259259,0.583792,-20.11896992,1.425144909,21.1634019,19.3540652,,0,0
NP20.410,5/20/20,Summer,2020,0,Green,Algae,UCB,EXT3,Exterior,TR,Tule Red,P3,Res,P3_Res,SAV-Algae,Algae,Green Algae,Algae,,Nalgae_T01,4.143498968,64.224234,15.10712868,37.7512,0.5851436,-19.30984739,1.474141929,22.8491999,19.94823029,,0,"IDed after frozen by UCB; kiny knots and small bits, a bit different then what normally see"
NP20.457/456,5/1/20,Summer,2020,ICF,Brown/Green,Sludgy/NA,UCB,EXT1,Exterior,TR,Tule Red,P3,Res,P3_Res,SAV-Algae,Algae,Green Algae,Algae,,Nalgae_T01,2.722713694,43.5634191,12.62000428,21.883675,0.3501388,-21.12266706,0.667599238,10.6815878,18.46356776,,#N/A,"brown, sludgy, may be more biofilm than algae/ Very small sample"
NP20.409,5/20/20,Summer,2020,0,Green,Algae,UCB,EXT6,Exterior,TR,Tule Red,P3,Res,P3_Res,SAV-Algae,Algae,Green Algae,Algae,Y,Nalgae_T01,4.649255152,73.07245743,19.57937558,38.38770272,0.603338533,-22.33244252,1.373392165,21.58595757,19.94495358,,#N/A,IDed after frozen by UCB
NP21.357,6/17/21,Summer,2021,USGS/UCB,Green,Algae,UCB,INT3,Interior,RY,Ryer,P3,Ref,P3_Ref,SAV-Algae,Algae,Green Algae,Algae,,Nalgae_T01,4.522788534,66.9372703,13.89045582,36.4937027,0.5401068,-19.50157323,1.527631115,22.6089405,19.62879976,,0,0
NP20.403,6/4/20,Summer,2020,USGS,Green,Algae,UCB,INT5,Interior,RY,Ryer,P3,Ref,P3_Ref,SAV-Algae,Algae,Green Algae,Algae,,Nalgae_T01,3.819055181,59.1953553,12.45957477,36.1656,0.5605668,-24.15454295,1.538413781,23.8454136,20.33122497,,0,Vial says RYINT1 but bag says RYINT5
NP20.371,6/17/20,Summer,2020,0,Green,Algae,UCB,INT6,Interior,RY,Ryer,P3,Ref,P3_Ref,SAV-Algae,Algae,Green Algae,Algae,,Nalgae_T01,5.486881503,83.949287,12.74028861,39.52763399,0.6047728,-20.83465644,1.481786163,22.6713283,19.54169799,,0,IDed after frozen by UCB
NP21.341,6/17/21,Summer,2021,0,Green,algae,UCB,INT4,Interior,TR,Tule Red,P3,Res,P3_Res,SAV-Algae,Algae,Green Algae,Algae,,Nalgae_T01,5.086714537,79.6070825,10.41476197,39.11110543,0.6120888,-23.66583092,2.555181387,39.9885887,20.66165432,,0,0
NP21.362,6/7/21,Summer,2021,USGS,Green,Algae,UCB,INT1,Interior,TR,Tule Red,P3,Res,P3_Res,SAV-Algae,Algae,Green Algae,Algae,,Nalgae_T01,5.832147609,89.5234658,12.52466123,40.42884691,0.6205828,-21.72952676,1.490838827,22.884376,19.75493454,,0,0
NP21.284,5/1/21,Summer,2021,USGS,brown,fleshy stems,USGS,EXT4,Exterior,RY,Ryer,P3,Ref,P3_Ref,SAV-Algae,SAV,Potamogeton crispus,Potamogeton,,NSAVFAV_T01,1.743311424,55.6988,11.61900678,36.63030986,1.1703384,-17.60014056,0.276324006,8.828552,20.50302543,,Very little sample left,0
NP21.074,6/24/21,Summer,2021,USGS/UCB,0,0,UCB,EXT3,Exterior,RY,Ryer,P3,Ref,P3_Ref,SAV-Algae,SAV,Potamogeton foliosus,Potamogeton,,NSAVFAV_T01,2.947903692,91.8272,10.13461512,37.24095024,1.1600556,-15.06854235,0.708582665,22.07235,17.33973471,,0,0
NP21.285,5/1/21,Summer,2021,USGS,brown,fleshy stems,USGS,EXT3,Exterior,RY,Ryer,P3,Ref,P3_Ref,SAV-Algae,SAV,Potamogeton foliosus,Potamogeton,,NSAVFAV_T01,1.423050633,44.9684,12.56547636,35.11241772,1.1095524,-16.50999557,0.225991582,7.141334,20.16755677,,0,0
NP20.309,6/4/20,Summer,2020,ICF,Medium and dark green,Leaves,UCB,EXT6,Exterior,RY,Ryer,P3,Ref,P3_Ref,SAV-Algae,SAV,Potamogeton foliosus,Potamogeton,,NSAVFAV_T01,2.868422047,91.0724,12.17270716,42.06954331,1.335708,-17.27405539,0.16812926,5.338104,17.71662126,,0,IDed after frozen by UCB
NP20.358,6/4/20,Summer,2020,USGS,Green,Leaves,UCB,INT5,Interior,RY,Ryer,P3,Ref,P3_Ref,SAV-Algae,SAV,Potamogeton crispus,Potamogeton,,NSAVFAV_T01,6.068451613,188.122,9.407191062,46.97411613,1.4561976,-23.91135723,0.31153271,9.657514,13.20433719,,Very little sample left,IDed after frozen by UCB
NP20.357,6/4/20,Summer,2020,ICF,"Green, very smelly",Leaves,UCB,INT1,Interior,RY,Ryer,P3,Ref,P3_Ref,SAV-Algae,SAV,Potamogeton foliosus,Potamogeton,,NSAVFAV_T01,2.66266878,84.0072,10.93571036,41.13044691,1.2976656,-19.92742026,0.174520063,5.506108,17.3470152,,0,IDed after frozen by UCB